Name,Birthday,Age,Has_Birthday,Mail,Date_2,Date_3
Davidb,03-Aug-93,30,no,davidjvcrone@gmail.com,12/08/2000,01.01.1998
Dianab,19-May-00,23,no,dianaubaidolla@gmail.com,13/08/2000,01.01.1999
Lenab,10-Oct-03,19,no,Lena_pompena_420@gmail.com,14/08/2000,01.01.2000
Marcelb,13-Sep-95,27,no,Marcel_crone@doodle.com,15/08/2000,01.01-2001
